{
  "session_duration": 17.452507257461548,
  "total_frames": 504,
  "avg_processing_time": 31.766916116078693,
  "avg_fps": 17.66359089225615,
  "optimization_activations": 0
}