{
  "session_duration": 27.425777196884155,
  "total_frames": 464,
  "avg_processing_time": 28.91085942586263,
  "avg_fps": 25.515151417100295,
  "optimization_activations": 0
}