{
  "session_duration": 97.08616781234741,
  "total_frames": 659,
  "avg_processing_time": 30.01597325007121,
  "avg_fps": 24.352135883642756,
  "optimization_activations": 0
}