{
  "session_duration": 16.164429903030396,
  "total_frames": 480,
  "avg_processing_time": 28.648962179819744,
  "avg_fps": 25.373254241960584,
  "optimization_activations": 0
}